rodada;mandante;visitante;gols_man;gols_vis;Posse de bola_man;Posse de bola_vis;Tentativas de gol_man;Tentativas de gol_vis;Finalizações_man;Finalizações_vis;Chutes fora_man;Chutes fora_vis;Chutes bloqueados_man;Chutes bloqueados_vis;Faltas cobradas_man;Faltas cobradas_vis;Escanteios_man;Escanteios_vis;Impedimentos_man;Impedimentos_vis;Laterais cobrados_man;Laterais cobrados_vis;Defesas do goleiro_man;Defesas do goleiro_vis;Faltas_man;Faltas_vis;Total de passes_man;Total de passes_vis;Desarmes_man;Desarmes_vis;Ataques_man;Ataques_vis;Ataques Perigosos_man;Ataques Perigosos_vis;Cartões vermelhos_man;Cartões vermelhos_vis;Cartões amarelos_man;Cartões amarelos_vis
38;Arsenal;Brighton;2;0;54%;46%;16;5;5;1;7;3;4;1;9;12;11;3;2;1;14;5;1;3;10;8;565;489;14;17;100;66;68;37;;;;
38;Aston Villa;Chelsea;2;1;29%;71%;6;23;3;7;3;11;0;5;13;12;2;9;0;2;12;27;6;1;11;12;250;598;14;18;68;133;22;91;0;1;3;4
38;Fulham;Newcastle;0;2;64%;36%;14;10;0;4;7;3;7;3;6;14;5;4;1;0;21;22;2;0;12;6;597;333;18;13;129;58;74;28;;;1;0
38;Leeds;West Bromwich;3;1;64%;36%;17;14;9;5;3;6;5;3;14;16;8;3;3;3;19;15;4;6;12;12;499;268;21;19;107;89;59;36;;;2;1
38;Leicester;Tottenham;2;4;47%;53%;10;11;6;4;2;2;2;5;7;11;8;7;3;1;26;26;0;4;9;8;444;492;28;18;83;115;48;59;;;0;2
38;Liverpool;Crystal Palace;2;0;70%;30%;19;5;5;4;10;1;4;0;9;12;14;1;2;1;21;18;4;3;10;8;588;263;15;24;132;79;84;10;;;2;2
38;Manchester City;Everton;5;0;68%;32%;21;8;11;3;6;2;4;3;11;8;7;5;1;1;15;15;3;6;8;10;725;340;10;12;139;84;40;22;;;2;2
38;Sheffield Utd;Burnley;1;0;43%;57%;12;10;3;3;7;3;2;4;2;13;8;9;2;1;14;25;3;2;11;1;361;482;19;16;102;137;49;73;;;3;1
38;West Ham;Southampton;3;0;37%;63%;14;17;7;5;6;8;1;4;11;10;2;3;5;2;22;21;5;4;5;9;300;534;12;23;102;97;45;38;;;0;3
38;Wolverhampton;Manchester Utd;1;2;57%;43%;14;9;4;4;6;5;4;0;4;14;6;2;1;1;20;17;2;3;14;3;571;440;19;14;136;93;73;34;;;4;1
37;Burnley;Liverpool;0;3;41%;59%;10;20;4;3;3;9;3;8;8;11;6;7;1;1;15;15;0;4;10;7;389;584;14;15;107;105;77;53;;;;
37;West Bromwich;West Ham;1;3;52%;48%;14;21;4;9;5;9;5;3;12;9;6;8;2;1;20;24;6;3;8;11;357;326;10;16;109;87;60;48;;;2;2
37;Crystal Palace;Arsenal;1;3;31%;69%;12;6;6;3;4;1;2;2;9;13;6;7;3;2;20;25;0;5;7;7;258;603;20;8;89;115;48;79;;;2;1
37;Everton;Wolverhampton;1;0;41%;59%;14;9;4;3;4;2;6;4;11;11;7;12;0;0;13;26;3;3;11;11;377;528;21;12;95;126;46;67;;;0;2
37;Newcastle;Sheffield Utd;1;0;50%;50%;16;11;5;1;9;9;2;1;11;9;5;2;2;4;26;20;1;4;7;7;474;461;8;17;85;116;47;59;;;0;2
37;Tottenham;Aston Villa;1;2;61%;39%;10;20;4;4;2;9;4;7;16;16;4;5;2;3;21;18;2;3;14;13;569;367;21;18;97;111;53;40;;;1;1
37;Chelsea;Leicester;2;1;59%;41%;17;7;6;3;5;3;6;1;16;16;6;5;1;0;25;24;2;4;15;16;549;381;19;23;100;103;58;31;;;2;4
37;Brighton;Manchester City;3;2;63%;37%;19;8;6;4;4;2;9;2;13;16;5;3;3;1;18;11;2;3;13;11;607;361;18;15;126;66;70;16;0;1;3;3
37;Manchester Utd;Fulham;1;1;57%;43%;13;8;6;5;5;2;2;1;16;14;6;1;4;1;19;15;4;5;10;15;544;410;13;25;140;62;66;32;;;2;3
37;Southampton;Leeds;0;2;51%;49%;18;15;3;7;11;6;4;2;12;12;4;4;2;1;22;32;5;3;10;12;392;375;23;35;121;69;54;34;;;0;3
36;Everton;Sheffield Utd;0;1;62%;38%;16;10;6;3;5;3;5;4;15;8;11;4;0;3;24;16;2;6;8;12;635;385;21;14;119;101;50;44;;;1;3
36;West Bromwich;Liverpool;1;2;24%;76%;10;26;3;6;6;10;1;10;16;11;9;13;2;2;10;21;4;2;7;14;201;699;16;8;63;129;33;80;;;;
36;Tottenham;Wolverhampton;2;0;62%;38%;24;15;13;3;9;7;2;5;14;11;10;3;2;3;19;11;3;11;8;11;584;360;11;20;107;75;71;43;;;1;0
36;Crystal Palace;Aston Villa;3;2;46%;54%;23;19;8;5;3;8;12;6;15;24;7;7;2;2;15;25;3;5;23;13;325;393;15;13;103;77;50;58;;;3;2
36;Brighton;West Ham;1;1;51%;49%;10;15;2;3;2;8;6;4;7;7;3;3;0;2;9;15;2;1;7;5;595;552;9;6;93;131;37;54;;;1;0
36;Southampton;Fulham;3;1;46%;54%;11;10;7;3;2;4;2;3;16;12;6;5;3;1;25;19;2;4;9;15;470;547;19;23;93;92;37;48;;;0;1
36;Burnley;Leeds;0;4;48%;52%;16;16;4;6;8;5;4;5;16;12;6;8;2;6;16;12;2;4;10;10;418;440;12;11;121;67;58;38;;;1;1
36;Newcastle;Manchester City;3;4;18%;82%;11;15;5;6;3;7;3;2;8;12;4;5;1;0;10;14;2;2;11;10;195;925;13;21;47;171;19;85;;;2;2
34;Manchester Utd;Liverpool;2;4;53%;47%;18;17;3;8;8;5;7;4;13;12;6;4;1;1;19;18;4;1;10;12;511;454;22;16;115;118;62;57;;;3;0
19;Aston Villa;Everton;0;0;58%;42%;13;15;2;5;7;9;4;1;14;9;9;1;0;2;17;11;5;2;9;12;502;362;7;9;116;106;38;47;;;2;1
36;Chelsea;Arsenal;0;1;68%;32%;19;5;5;2;9;1;5;2;8;11;9;1;4;2;20;16;1;5;7;6;765;369;4;14;131;64;107;28;;;0;1
32;Southampton;Crystal Palace;3;1;63%;37%;13;11;6;4;3;2;4;5;16;20;12;8;1;2;17;15;3;3;20;13;531;311;13;17;111;94;35;37;;;2;3
36;Manchester Utd;Leicester;1;2;53%;47%;4;12;1;3;3;3;0;6;11;13;3;4;3;0;26;21;1;0;9;12;561;490;12;17;96;131;23;48;;;;
35;Fulham;Burnley;0;2;68%;32%;21;14;3;5;11;6;7;3;11;16;8;4;4;1;26;18;3;3;11;10;520;253;16;17;137;90;88;34;;;2;0
35;Arsenal;West Bromwich;3;1;66%;34%;15;12;7;1;5;7;3;4;11;8;6;6;1;2;17;21;0;4;7;9;576;288;11;14;105;77;53;39;;;1;2
35;West Ham;Everton;0;1;69%;31%;11;9;0;3;6;4;5;2;12;10;5;6;2;2;24;12;2;0;8;10;606;278;16;24;138;70;76;24;;;2;1
35;Aston Villa;Manchester Utd;1;3;41%;59%;11;18;5;7;3;4;3;7;19;12;5;6;0;0;12;16;4;4;13;18;383;563;14;10;85;95;35;66;1;0;3;1
35;Wolverhampton;Brighton;2;1;60%;40%;16;5;6;3;3;1;7;1;8;12;10;5;0;2;25;15;2;4;12;7;569;373;14;15;121;85;89;42;0;2;2;2
35;Liverpool;Southampton;2;0;54%;46%;14;12;6;6;5;4;3;2;8;14;8;4;4;1;20;18;6;4;10;6;557;480;15;18;129;91;72;40;;;0;1
35;Manchester City;Chelsea;1;2;48%;52%;16;12;4;5;6;4;6;3;14;13;6;2;1;5;17;15;3;3;12;10;537;580;18;15;108;78;39;41;;;2;0
35;Sheffield Utd;Crystal Palace;0;2;49%;51%;7;21;0;8;6;7;1;6;9;13;5;11;2;1;20;21;6;0;11;8;412;423;22;21;78;102;51;51;;;1;1
35;Leeds;Tottenham;3;1;53%;47%;16;11;7;3;5;4;4;4;10;14;8;6;1;2;21;30;2;4;12;10;442;395;20;15;109;110;61;44;;;1;2
35;Leicester;Newcastle;2;4;68%;32%;25;14;9;6;7;4;9;4;10;14;9;6;2;1;18;15;2;7;12;9;596;274;13;9;123;73;58;24;;;1;1
34;Burnley;West Ham;1;2;45%;55%;8;22;3;4;3;12;2;6;9;6;5;4;2;2;18;22;2;2;4;8;426;544;8;10;145;87;43;68;;;2;1
34;West Bromwich;Wolverhampton;1;1;42%;58%;10;20;4;10;5;6;1;4;13;18;5;6;1;2;21;14;9;3;17;11;339;467;21;20;94;121;48;38;;;2;0
34;Tottenham;Sheffield Utd;4;0;66%;34%;20;8;11;1;6;3;3;4;9;11;6;6;3;0;17;11;1;7;8;9;715;356;11;13;118;85;40;34;;;1;1
34;Newcastle;Arsenal;0;2;38%;62%;5;19;1;5;3;10;1;4;10;11;3;7;1;1;14;11;3;1;10;9;396;640;12;6;69;123;33;75;1;0;2;1
34;Everton;Aston Villa;1;2;48%;52%;16;13;3;5;7;5;6;3;14;12;3;6;2;2;19;22;3;2;10;13;421;469;20;15;98;96;47;46;;;0;2
34;Chelsea;Fulham;2;0;49%;51%;9;10;5;3;1;4;3;3;9;22;1;8;7;1;17;23;3;3;15;8;511;521;24;21;118;133;32;48;;;1;1
34;Brighton;Leeds;2;0;42%;58%;17;11;5;2;8;5;4;4;6;17;2;9;0;1;17;29;2;3;17;6;351;446;11;17;105;97;43;47;;;1;1
34;Crystal Palace;Manchester City;0;2;30%;70%;9;20;4;3;4;10;1;7;10;12;2;6;3;1;31;12;1;4;9;10;294;696;18;20;84;144;35;63;;;2;0
34;Southampton;Leicester;1;1;29%;71%;5;23;3;9;0;9;2;5;17;10;0;10;1;5;20;20;8;2;9;13;273;633;14;19;69;160;15;96;1;0;1;0
33;Leicester;Crystal Palace;2;1;67%;33%;13;4;5;2;6;1;2;1;14;15;7;2;2;3;16;25;1;3;13;12;598;300;19;13;142;112;54;23;;;0;1
33;Aston Villa;West Bromwich;2;2;70%;30%;24;10;11;4;7;5;6;1;9;15;11;4;2;1;14;12;2;9;14;9;551;240;13;10;123;60;83;28;;;0;2
33;Leeds;Manchester Utd;0;0;44%;56%;6;16;3;4;1;7;2;5;11;23;2;6;2;0;17;28;4;3;21;11;385;483;30;16;66;139;29;55;;;4;1
33;Wolverhampton;Burnley;0;4;59%;41%;12;14;2;7;5;6;5;1;12;10;8;5;2;2;18;23;3;2;8;9;474;325;16;15;103;132;37;50;;;1;2
33;Sheffield Utd;Brighton;1;0;32%;68%;7;17;3;4;1;8;3;5;8;13;2;12;0;1;16;26;4;2;13;7;295;640;24;10;80;126;34;77;;;3;0
33;West Ham;Chelsea;0;1;45%;55%;9;17;2;6;4;6;3;5;14;12;4;2;3;3;27;21;5;2;9;11;447;566;18;22;127;126;46;54;1;0;0;4
33;Liverpool;Newcastle;1;1;69%;31%;22;7;9;4;8;1;5;2;12;10;6;3;1;4;19;19;3;8;9;7;793;350;21;15;151;72;66;27;;;2;1
33;Arsenal;Everton;0;1;59%;41%;14;8;3;1;3;3;8;4;10;16;7;3;2;1;19;9;1;3;13;10;627;438;10;19;141;59;74;26;;;1;3
32;Leicester;West Bromwich;3;0;73%;27%;17;4;7;1;5;3;5;0;12;14;7;3;1;0;23;24;1;4;13;12;706;255;19;10;146;84;39;25;;;0;2
32;Aston Villa;Manchester City;1;2;28%;72%;8;13;3;3;3;7;2;3;9;13;1;11;1;2;14;16;1;2;12;7;304;806;12;5;23;93;6;64;1;1;2;1
29;Tottenham;Southampton;2;1;62%;38%;12;10;3;5;5;3;4;2;14;12;5;5;2;0;29;14;4;1;10;14;610;371;18;29;129;110;50;28;;;2;1
32;Chelsea;Brighton;0;0;64%;36%;7;11;4;2;2;4;1;5;9;11;0;3;3;0;19;23;2;4;8;9;740;410;8;25;148;91;45;37;0;1;2;2
32;Leeds;Liverpool;1;1;62%;38%;12;17;5;7;4;6;3;4;18;7;10;8;0;4;18;26;6;4;7;15;525;322;23;15;82;84;53;60;;;2;1
32;Manchester Utd;Burnley;3;1;69%;31%;17;10;9;3;4;4;4;3;16;10;8;3;2;4;24;12;2;6;9;12;610;266;13;15;123;80;80;39;;;1;2
32;Arsenal;Fulham;1;1;69%;31%;18;3;5;1;8;0;5;2;11;13;11;1;5;0;16;13;0;4;9;11;633;286;18;12;133;77;73;28;;;0;3
32;Wolverhampton;Sheffield Utd;1;0;48%;52%;10;8;5;2;3;2;2;4;18;10;3;3;2;2;27;14;2;4;8;15;479;512;15;19;91;127;35;73;;;1;2
32;Newcastle;West Ham;3;2;35%;65%;16;16;8;6;1;4;7;6;7;11;3;8;2;0;16;40;4;5;9;7;272;510;16;11;60;126;33;70;0;1;2;2
32;Everton;Tottenham;2;2;53%;47%;18;12;7;3;8;4;3;5;7;10;6;3;2;0;21;24;1;5;8;8;502;450;22;19;120;103;36;34;;;1;1
31;Brighton;Everton;0;0;55%;45%;23;8;3;1;10;6;10;1;8;12;10;3;0;1;19;22;1;3;12;7;503;400;18;7;120;85;48;24;;;1;2
31;West Bromwich;Southampton;3;0;40%;60%;15;14;6;4;6;10;3;0;11;15;5;10;4;2;16;20;4;3;12;11;285;442;15;14;101;97;58;69;;;0;1
31;Sheffield Utd;Arsenal;0;3;45%;55%;7;14;2;5;2;3;3;6;9;11;2;4;2;3;13;25;2;2;9;6;469;577;16;12;69;101;28;51;;;1;1
31;Tottenham;Manchester Utd;1;3;47%;53%;12;12;3;7;6;2;3;3;16;14;7;5;3;1;20;19;4;2;11;15;439;503;21;19;98;115;41;48;;;1;5
31;West Ham;Leicester;3;2;36%;64%;4;15;4;4;0;5;0;6;14;10;1;9;3;1;21;17;2;1;7;13;365;629;10;13;94;134;25;74;;;3;3
31;Burnley;Newcastle;1;2;57%;43%;24;10;4;5;14;2;6;3;15;11;13;3;0;2;20;24;3;3;11;12;445;342;12;10;126;90;77;30;;;1;0
31;Crystal Palace;Chelsea;1;4;36%;64%;1;23;1;10;0;6;0;7;15;8;0;8;1;2;20;17;6;0;7;12;434;782;14;20;85;144;32;73;;;1;0
31;Liverpool;Aston Villa;2;1;67%;33%;23;9;10;5;6;4;7;0;13;18;7;0;2;2;20;31;4;8;16;11;577;296;14;18;113;106;66;37;;;2;4
31;Manchester City;Leeds;1;2;71%;29%;29;2;7;2;11;0;11;0;18;14;9;3;2;3;23;9;0;6;12;15;621;252;8;16;155;52;115;23;0;1;3;1
31;Fulham;Wolverhampton;0;1;50%;50%;14;7;3;3;7;4;4;0;9;14;3;4;3;1;23;24;2;3;11;8;439;452;18;19;116;95;58;30;;;;
30;Wolverhampton;West Ham;2;3;66%;34%;20;9;5;6;13;3;2;0;10;10;4;2;1;1;16;20;3;3;9;9;628;322;20;11;135;99;51;40;;;1;4
30;Everton;Crystal Palace;1;1;47%;53%;15;13;7;6;7;4;1;3;11;12;3;4;2;1;16;15;5;6;10;10;459;512;16;17;100;125;52;44;;;2;0
30;Manchester Utd;Brighton;2;1;58%;42%;15;5;7;3;6;0;2;2;9;15;5;6;0;2;17;18;2;5;14;7;604;436;13;20;132;89;77;44;;;2;2
30;Aston Villa;Fulham;3;1;53%;47%;14;13;4;6;5;4;5;3;22;19;3;4;4;2;18;15;5;1;14;18;418;384;15;23;114;87;62;26;;;1;2
30;Newcastle;Tottenham;2;2;41%;59%;22;11;6;5;7;4;9;2;17;14;7;3;1;3;20;8;3;4;13;14;348;521;11;14;115;104;50;35;;;3;2
30;Southampton;Burnley;3;2;53%;47%;24;7;9;5;3;2;12;0;11;10;6;7;0;1;18;19;3;6;11;10;424;352;14;18;107;100;51;52;;;;
30;Arsenal;Liverpool;0;3;36%;64%;3;16;2;7;0;6;1;3;13;10;1;2;0;3;19;20;4;2;10;10;395;703;21;18;85;148;24;56;;;1;1
30;Leicester;Manchester City;0;2;43%;57%;5;11;2;4;2;6;1;1;13;16;1;1;3;1;15;18;2;2;13;12;452;571;19;14;63;160;22;58;;;2;3
30;Leeds;Sheffield Utd;2;1;54%;46%;23;9;8;1;9;4;6;4;14;13;5;7;1;1;21;23;0;6;12;13;491;410;15;17;114;115;56;38;;;1;2
30;Chelsea;West Bromwich;2;5;66%;34%;18;14;8;7;6;4;4;3;10;12;10;3;1;4;22;27;2;6;11;6;581;297;17;19;124;73;59;32;1;0;3;1
18;Aston Villa;Tottenham;0;2;50%;50%;8;9;1;3;2;3;5;3;14;18;5;8;1;1;;;1;1;18;13;416;421;24;18;103;103;55;52;;;3;2
29;West Ham;Arsenal;3;3;37%;63%;15;16;5;7;7;4;3;5;7;19;3;5;1;0;;;4;2;18;8;348;606;12;10;93;122;47;61;;;3;1
29;Brighton;Newcastle;3;0;65%;35%;11;3;6;1;1;2;4;0;6;14;3;1;2;1;;;1;3;12;5;728;382;16;11;127;86;47;22;;;0;1
29;Fulham;Leeds;1;2;52%;48%;13;13;6;4;4;7;3;2;16;14;13;7;1;4;;;2;5;13;12;339;319;20;25;110;114;47;41;;;2;2
28;Wolverhampton;Liverpool;0;1;53%;47%;10;12;5;4;2;5;3;3;11;20;3;2;2;1;;;3;5;17;10;508;467;18;14;139;136;66;71;;;2;1
28;Manchester Utd;West Ham;1;0;62%;38%;15;7;4;0;4;3;7;4;4;12;6;2;0;2;;;0;3;12;2;684;411;13;13;141;94;86;45;;;4;0
28;Arsenal;Tottenham;2;1;53%;47%;13;6;3;3;8;2;2;1;14;11;6;3;0;1;;;2;1;12;14;519;482;20;18;135;86;61;33;0;1;1;4
28;Leicester;Sheffield Utd;5;0;72%;28%;19;1;10;0;4;1;5;0;9;12;9;1;2;0;;;0;5;10;9;750;291;19;14;142;71;42;20;;;0;2
28;Southampton;Brighton;1;2;59%;41%;9;8;4;6;1;0;4;2;11;12;4;5;1;1;;;4;3;11;10;492;330;13;24;96;115;44;42;;;;
28;Fulham;Manchester City;0;3;46%;54%;3;8;0;7;0;1;3;0;16;14;4;2;1;3;;;4;0;14;13;444;529;22;20;87;118;42;44;;;;
28;Everton;Burnley;1;2;66%;34%;14;14;4;5;5;6;5;3;8;10;7;4;2;1;;;3;3;9;6;547;291;8;6;119;101;55;37;;;0;4
28;Crystal Palace;West Bromwich;1;0;44%;56%;6;12;4;1;1;6;1;5;15;18;3;2;1;1;;;1;3;16;15;324;397;17;19;76;121;27;66;;;3;1
28;Leeds;Chelsea;0;0;38%;62%;7;15;4;8;0;2;3;5;9;21;8;5;5;3;;;8;4;16;6;330;588;13;17;81;139;41;70;;;3;0
28;Newcastle;Aston Villa;1;1;49%;51%;12;15;3;6;4;4;5;5;15;10;2;2;0;4;;;5;2;10;10;392;411;20;16;122;122;53;49;;;2;3
33;Manchester City;Southampton;5;2;58%;42%;17;11;10;6;5;3;2;2;8;6;5;5;1;4;;;4;5;6;4;673;481;8;22;126;92;60;39;;;1;0
27;West Ham;Leeds;2;0;35%;65%;16;17;5;2;6;10;5;5;7;11;6;6;1;1;;;2;3;9;9;276;528;14;19;80;114;33;43;;;1;1
27;Chelsea;Everton;2;0;65%;35%;19;7;9;1;6;4;4;2;11;12;7;3;1;0;;;1;7;11;12;713;369;18;10;130;70;43;30;;;0;3
27;Tottenham;Crystal Palace;4;1;64%;36%;12;5;5;1;4;3;3;1;21;9;1;5;1;4;;;0;1;8;17;690;373;27;18;135;106;52;32;;;2;3
27;Manchester City;Manchester Utd;0;2;66%;34%;23;8;6;6;10;0;7;2;14;8;6;2;0;1;;;4;6;9;12;715;374;17;13;154;60;80;21;;;0;3
27;Liverpool;Fulham;0;1;63%;37%;16;10;3;3;11;5;2;2;9;13;9;4;3;1;;;2;3;10;8;708;414;13;15;149;86;84;30;;;2;3
27;West Bromwich;Newcastle;0;0;53%;47%;13;9;3;5;6;2;4;2;11;12;9;7;1;1;;;5;3;11;10;396;365;11;17;114;77;78;47;;;;
27;Brighton;Leicester;1;2;37%;63%;7;8;2;4;3;4;2;0;8;19;6;6;4;1;;;2;1;14;8;340;616;30;23;97;131;48;34;;;0;1
27;Aston Villa;Wolverhampton;0;0;49%;51%;9;10;1;2;5;6;3;2;13;16;5;3;3;0;;;2;1;13;13;410;424;23;12;94;128;39;49;;;1;0
27;Sheffield Utd;Southampton;0;2;51%;49%;8;15;2;7;5;4;1;4;13;18;7;3;2;2;;;5;2;17;11;393;390;16;17;90;88;39;35;;;4;3
27;Burnley;Arsenal;1;1;41%;59%;9;15;5;3;4;6;0;6;15;7;2;3;2;2;;;2;4;5;12;419;595;15;12;126;99;51;56;;;1;1
29;Liverpool;Chelsea;0;1;54%;46%;7;11;1;5;4;5;2;1;12;10;5;2;1;4;;;4;1;9;8;656;549;14;19;145;77;59;32;;;;
33;Fulham;Tottenham;0;1;60%;40%;11;9;3;2;7;5;1;2;12;17;4;1;4;2;;;1;3;13;9;544;378;11;21;130;110;68;28;;;2;1
29;West Bromwich;Everton;0;1;48%;52%;11;11;3;3;3;2;5;6;9;12;3;3;3;2;;;2;3;9;7;450;500;9;20;126;113;66;46;;;3;1
29;Crystal Palace;Manchester Utd;0;0;37%;63%;8;11;2;1;3;6;3;4;15;4;4;6;1;2;;;1;2;4;13;353;600;19;6;83;129;31;73;;;1;0
29;Burnley;Leicester;1;1;40%;60%;12;16;7;4;5;6;0;6;14;9;5;8;3;2;;;3;6;6;12;351;571;8;9;119;101;63;35;;;0;2
29;Sheffield Utd;Aston Villa;1;0;28%;72%;9;16;2;4;5;5;2;7;7;14;2;7;1;1;;;4;1;13;6;263;641;13;9;71;142;24;87;1;0;1;0
29;Manchester City;Wolverhampton;4;1;72%;28%;22;6;10;1;4;2;8;3;5;13;10;2;3;1;;;0;6;9;5;798;309;14;17;172;67;111;15;;;0;1
26;Everton;Southampton;1;0;47%;53%;7;9;1;1;2;4;4;4;9;17;4;10;4;0;;;1;0;13;9;410;462;20;26;101;119;42;55;;;0;2
26;Sheffield Utd;Liverpool;0;2;40%;60%;8;16;2;8;4;4;2;4;11;13;4;3;3;1;;;6;2;9;9;406;638;11;12;100;133;48;51;;;;
26;Chelsea;Manchester Utd;0;0;57%;43%;18;11;6;4;5;2;7;5;15;12;3;4;1;3;;;4;6;11;12;608;445;24;14;114;106;42;51;;;1;2
26;Tottenham;Burnley;4;0;58%;42%;16;10;7;3;7;4;2;3;10;6;3;4;0;0;;;3;3;6;10;633;439;12;11;92;149;28;58;;;;
26;Crystal Palace;Fulham;0;0;41%;59%;3;16;0;4;1;10;2;2;14;11;1;3;1;0;;;4;0;10;14;364;540;20;18;85;144;32;48;;;1;1
26;Leicester;Arsenal;1;3;44%;56%;8;12;3;4;2;4;3;4;4;14;2;7;0;1;;;1;2;15;3;408;507;21;9;83;121;16;52;;;2;1
26;Newcastle;Wolverhampton;1;1;48%;52%;19;14;7;4;6;7;6;3;14;13;3;5;2;0;;;3;6;11;13;387;423;18;14;100;100;46;47;;;2;0
26;Leeds;Aston Villa;0;1;69%;31%;13;9;3;4;5;3;5;2;14;14;7;5;0;0;;;3;3;14;14;517;227;18;16;111;83;66;35;;;3;2
26;West Bromwich;Brighton;1;0;30%;70%;6;15;2;6;3;7;1;2;15;10;7;4;1;0;;;6;1;11;13;230;553;13;21;77;101;41;65;;;;
26;Manchester City;West Ham;2;1;63%;37%;10;9;3;3;2;4;5;2;11;10;4;2;2;1;;;2;1;8;11;675;394;11;13;137;87;73;25;;;1;1
18;Leeds;Southampton;3;0;47%;53%;11;13;7;5;4;6;0;2;16;12;2;4;1;2;;;5;4;11;13;319;365;25;18;66;141;29;42;;;1;2
25;Brighton;Crystal Palace;1;2;75%;25%;25;3;5;2;11;1;9;0;7;14;13;0;3;1;;;0;4;11;6;712;244;11;22;164;51;96;8;;;2;0
25;Manchester Utd;Newcastle;3;1;72%;28%;15;10;7;6;4;3;4;1;11;11;6;4;2;1;;;5;4;9;11;687;257;11;15;127;67;64;37;;;1;2
25;Arsenal;Manchester City;0;1;45%;55%;7;15;1;3;3;6;3;6;13;12;1;3;1;3;;;2;1;11;9;479;599;8;5;92;133;30;52;;;2;2
25;Aston Villa;Leicester;1;2;50%;50%;11;16;2;7;5;2;4;7;13;15;7;8;4;1;;;5;1;11;12;430;450;17;16;110;97;47;36;;;2;1
25;West Ham;Tottenham;2;1;31%;69%;4;20;4;4;0;13;0;3;7;15;5;7;1;0;;;3;2;14;7;253;569;22;16;92;134;37;63;;;4;3
25;Fulham;Sheffield Utd;1;0;65%;35%;15;4;6;2;6;2;3;0;17;11;6;4;1;3;;;2;5;11;14;597;321;7;20;144;91;64;39;;;1;2
25;Liverpool;Everton;0;2;72%;28%;15;9;6;6;7;3;2;0;12;11;7;2;2;2;;;4;6;10;10;693;279;16;21;157;68;78;25;;;2;1
25;Burnley;West Bromwich;0;0;62%;38%;6;10;1;3;4;6;1;1;13;21;5;5;4;3;;;3;1;16;10;433;267;17;16;125;83;67;29;0;1;3;0
25;Southampton;Chelsea;1;1;29%;71%;4;9;1;3;3;4;0;2;14;10;3;6;0;4;;;2;0;10;10;295;727;17;23;76;168;25;61;;;1;1
25;Wolverhampton;Leeds;1;0;41%;59%;15;18;5;7;5;5;5;6;9;14;7;9;1;1;;;7;5;13;8;308;440;17;18;97;88;32;35;;;1;0
16;Everton;Manchester City;1;3;30%;70%;3;16;2;7;1;4;0;5;8;8;0;10;0;0;;;4;1;8;8;313;755;18;11;72;154;19;78;;;2;1
17;Burnley;Fulham;1;1;46%;54%;8;8;3;3;5;4;0;1;15;13;5;5;6;0;;;2;2;7;13;400;477;10;14;133;90;47;31;;;1;1
24;Chelsea;Newcastle;2;0;66%;34%;18;10;6;4;7;4;5;2;15;9;10;5;0;2;;;4;4;9;13;564;289;19;16;95;88;50;37;;;;
24;West Ham;Sheffield Utd;3;0;46%;54%;13;8;9;5;3;2;1;1;13;12;7;7;1;1;;;5;6;11;12;429;500;9;18;90;113;40;62;;;0;2
24;Everton;Fulham;0;2;50%;50%;7;12;2;3;3;6;2;3;18;9;5;4;3;2;;;1;2;7;16;534;545;17;10;103;126;28;57;;;1;1
24;Arsenal;Leeds;4;2;46%;54%;13;9;5;5;3;2;5;2;16;11;4;5;2;0;;;3;1;8;17;423;498;5;10;87;101;41;36;;;0;2
24;West Bromwich;Manchester Utd;1;1;27%;73%;7;10;3;7;4;0;0;3;14;16;4;5;2;3;;;6;2;13;10;253;707;14;10;67;137;31;94;;;5;0
24;Southampton;Wolverhampton;1;2;51%;49%;7;10;3;4;3;3;1;3;10;15;4;6;6;1;;;2;2;10;9;476;448;23;9;114;121;25;45;;;2;2
24;Brighton;Aston Villa;0;0;58%;42%;26;4;9;1;7;1;10;2;15;16;9;2;0;3;;;1;9;16;12;509;372;11;10;107;100;72;42;;;2;3
24;Manchester City;Tottenham;3;0;61%;39%;15;7;6;3;4;2;5;2;11;13;4;2;1;0;;;3;3;12;13;698;456;21;23;153;82;76;19;;;1;3
24;Crystal Palace;Burnley;0;3;53%;47%;13;16;3;4;3;6;7;6;15;19;7;4;3;1;;;1;3;15;14;427;390;16;17;108;116;72;39;;;;
24;Leicester;Liverpool;3;1;38%;62%;11;15;6;4;4;3;1;8;8;9;2;12;2;1;;;3;3;7;6;357;561;23;23;63;120;20;73;;;1;2
23;Leeds;Crystal Palace;2;0;68%;32%;17;8;7;3;7;2;3;3;9;8;5;3;1;1;;;3;5;7;8;714;332;22;11;107;91;61;37;;;0;2
23;Sheffield Utd;Chelsea;1;2;31%;69%;8;9;3;3;3;4;2;2;10;10;1;8;2;2;;;1;2;8;8;338;756;18;17;86;102;56;67;;;1;0
23;Liverpool;Manchester City;1;4;56%;44%;8;8;3;5;2;3;3;0;9;13;6;1;1;2;;;1;2;13;8;649;519;18;20;140;84;49;40;;;2;1
23;Wolverhampton;Leicester;0;0;44%;56%;13;13;1;3;6;5;6;5;16;11;8;2;0;1;;;3;1;11;15;429;567;19;19;98;120;57;47;;;1;3
23;Tottenham;West Bromwich;2;0;66%;34%;13;4;6;1;4;3;3;0;16;18;8;0;1;4;;;1;4;16;12;589;303;17;24;126;88;44;27;;;1;2
23;Manchester Utd;Everton;3;3;62%;38%;14;6;5;3;6;3;3;0;16;13;5;1;0;4;;;0;2;14;10;653;397;14;16;146;57;56;34;;;2;1
23;Fulham;West Ham;0;0;61%;39%;20;8;2;1;12;6;6;1;14;12;7;3;1;4;;;1;2;11;10;550;354;13;9;111;66;52;33;0;1;1;3
23;Burnley;Brighton;1;1;54%;46%;20;10;7;2;7;6;6;2;11;11;8;7;3;0;;;1;6;8;10;444;379;8;7;122;90;60;27;;;2;0
23;Newcastle;Southampton;3;2;26%;74%;6;14;4;5;1;5;1;4;20;11;0;7;3;5;;;3;1;11;14;221;610;16;17;78;118;21;86;1;0;4;1
23;Aston Villa;Arsenal;1;0;34%;66%;12;14;8;3;3;6;1;5;12;13;3;7;1;0;;;3;7;12;12;316;597;18;12;94;132;46;82;;;3;2
22;Tottenham;Chelsea;0;1;42%;58%;7;18;2;2;5;7;0;9;17;18;2;7;0;3;;;1;2;20;14;457;630;13;10;83;151;34;67;;;2;3
22;Aston Villa;West Ham;1;3;56%;44%;9;20;2;10;5;4;2;6;17;12;7;3;1;1;;;7;1;11;16;480;376;13;15;118;85;50;46;;;1;1
22;Liverpool;Brighton;0;1;63%;37%;11;13;1;4;4;7;6;2;9;11;5;3;0;3;;;3;1;12;6;697;404;12;13;146;95;81;39;;;1;0
22;Leeds;Everton;1;2;63%;37%;16;10;7;6;6;4;3;0;13;12;7;1;0;1;;;4;6;12;12;561;331;16;13;122;89;74;38;;;2;3
22;Burnley;Manchester City;0;2;25%;75%;2;13;0;6;2;1;0;6;7;11;1;3;3;2;;;4;0;8;5;271;804;17;8;66;147;25;71;;;2;1
22;Fulham;Leicester;0;2;57%;43%;8;9;1;5;4;2;3;2;12;18;5;2;1;3;;;3;1;17;10;598;447;22;18;153;86;80;31;;;3;1
22;Manchester Utd;Southampton;9;0;75%;25%;24;3;14;1;5;2;5;0;8;14;5;3;3;2;;;1;5;11;6;626;215;13;20;148;43;100;5;0;2;2;3
22;Newcastle;Crystal Palace;1;2;61%;39%;21;6;5;3;10;2;6;1;13;15;9;1;1;2;;;1;4;14;11;610;397;12;14;130;101;65;39;;;1;3
22;Sheffield Utd;West Bromwich;2;1;68%;32%;14;8;6;4;4;2;4;2;13;11;9;2;0;3;;;3;4;11;9;593;268;20;18;136;88;83;34;;;2;1
22;Wolverhampton;Arsenal;2;1;55%;45%;11;9;7;3;4;1;0;5;10;12;9;6;1;3;;;2;5;11;8;576;488;10;13;107;97;74;32;0;2;3;2
21;Brighton;Tottenham;1;0;43%;57%;16;8;5;4;7;1;4;3;13;12;9;2;1;1;;;4;4;11;11;407;556;19;13;88;119;74;58;;;2;1
21;West Ham;Liverpool;1;3;33%;67%;8;14;2;5;3;6;3;3;9;9;6;4;2;1;;;2;1;7;8;365;785;15;13;71;133;34;50;;;2;0
21;Leicester;Leeds;1;3;51%;49%;18;8;8;7;4;0;6;1;18;19;5;4;2;2;;;4;7;17;16;404;389;15;27;84;72;72;44;;;0;3
21;Chelsea;Burnley;2;0;71%;29%;19;1;8;0;9;1;2;0;11;9;4;2;2;2;;;0;6;7;9;723;287;13;15;91;66;56;23;;;0;1
21;Southampton;Aston Villa;0;1;60%;40%;20;8;5;4;6;3;9;1;16;16;7;1;4;5;;;3;5;12;11;487;336;24;23;114;90;73;51;;;1;0
21;Arsenal;Manchester Utd;0;0;43%;57%;17;14;3;3;8;8;6;3;18;9;4;7;0;2;;;3;3;9;16;436;566;13;10;94;104;37;59;;;1;3
21;Crystal Palace;Wolverhampton;1;0;48%;52%;11;6;2;4;6;1;3;1;11;8;1;6;1;1;;;4;1;7;10;518;560;14;25;110;94;46;44;;;1;2
21;Manchester City;Sheffield Utd;1;0;75%;25%;10;4;5;1;1;2;4;1;9;7;10;0;0;1;;;1;4;7;10;805;273;12;15;124;51;78;23;;;0;3
21;West Bromwich;Fulham;2;2;37%;63%;5;12;3;7;2;3;0;2;10;10;2;3;1;1;;;5;1;9;10;336;574;13;8;70;86;23;42;;;1;0
21;Everton;Newcastle;0;2;61%;39%;11;13;3;3;6;5;2;5;6;17;7;12;4;0;;;1;3;13;6;488;301;17;14;90;84;51;58;;;3;4
20;Tottenham;Liverpool;1;3;49%;51%;3;14;2;7;1;6;0;1;13;11;1;2;2;2;;;4;1;9;11;592;587;14;10;99;137;38;59;;;1;2
20;Everton;Leicester;1;1;35%;65%;8;19;2;6;4;3;2;10;12;15;5;11;2;1;;;5;1;12;10;297;573;14;19;82;132;56;66;;;1;1
20;Manchester Utd;Sheffield Utd;1;2;76%;24%;16;5;4;3;5;1;7;1;17;10;7;2;0;5;;;1;3;10;12;803;257;21;15;163;66;80;30;;;1;1
20;Brighton;Fulham;0;0;50%;50%;16;10;5;3;5;5;6;2;13;13;10;0;3;0;;;3;5;10;14;411;439;23;12;137;111;62;33;;;2;1
20;Burnley;Aston Villa;3;2;38%;62%;10;18;5;10;3;5;2;3;10;20;2;4;3;2;;;8;2;16;7;290;475;22;6;99;102;38;46;;;1;0
20;Chelsea;Wolverhampton;0;0;79%;21%;14;4;5;0;5;4;4;0;7;16;12;1;2;0;;;0;5;14;7;898;242;15;5;204;53;108;14;;;1;1
20;Southampton;Arsenal;1;3;58%;42%;13;9;5;5;5;4;3;0;9;14;4;5;2;2;;;2;4;11;6;493;353;17;15;108;102;39;37;;;1;2
20;West Bromwich;Manchester City;0;5;22%;78%;4;18;1;7;2;4;1;7;9;8;3;8;0;1;;;2;1;8;8;247;888;13;8;64;177;29;77;;;2;0
20;Crystal Palace;West Ham;2;3;54%;46%;6;17;3;7;3;6;0;4;10;9;3;4;0;2;;;4;1;9;8;536;459;17;18;122;119;45;41;;;;
20;Newcastle;Leeds;1;2;42%;58%;22;9;5;2;10;4;7;3;15;9;9;4;1;0;;;0;4;10;15;313;450;11;15;123;88;54;36;;;1;3
11;Aston Villa;Newcastle;2;0;59%;41%;14;7;5;1;6;4;3;2;19;10;4;4;1;2;;;1;3;9;18;567;369;11;14;105;112;36;46;;;0;3
18;Liverpool;Burnley;0;1;72%;28%;27;6;6;4;10;2;11;0;14;11;12;0;1;6;;;3;6;11;8;686;274;6;10;132;78;108;24;;;2;1
18;Fulham;Manchester Utd;1;2;38%;62%;12;15;5;5;4;6;3;4;12;7;2;8;1;2;;;3;4;6;10;400;636;12;18;83;146;28;97;;;3;1
1;Manchester City;Aston Villa;2;0;69%;31%;28;11;9;4;7;4;12;3;9;13;16;2;3;1;;;4;7;10;9;628;285;14;14;129;64;99;32;;;0;2
18;Leicester;Chelsea;2;0;36%;64%;8;9;6;5;2;3;0;1;19;8;6;3;1;3;;;5;4;7;16;339;636;19;25;88;118;52;42;;;1;3
18;West Ham;West Bromwich;2;1;59%;41%;14;6;6;2;5;4;3;0;10;12;3;1;2;0;;;1;4;10;10;541;375;5;19;122;99;65;46;;;0;1
19;Arsenal;Newcastle;3;0;66%;34%;20;4;6;1;11;2;3;1;9;13;7;2;4;1;;;1;3;9;8;634;323;7;11;129;65;68;33;;;;
19;Manchester City;Crystal Palace;4;0;73%;27%;13;2;6;0;2;1;5;1;8;9;11;1;0;0;;;0;2;9;8;747;288;18;15;95;36;38;12;;;;
19;Liverpool;Manchester Utd;0;0;66%;34%;17;8;3;4;6;1;8;3;14;16;7;3;1;8;;;4;3;15;6;677;344;16;20;137;86;73;46;;;2;1
19;Sheffield Utd;Tottenham;1;3;42%;58%;15;14;5;5;3;4;7;5;6;17;5;7;4;1;;;2;4;13;4;413;580;18;16;105;115;47;37;;;4;0
19;Leicester;Southampton;2;0;47%;53%;16;8;5;3;9;5;2;0;12;15;2;5;5;1;;;3;3;10;11;445;493;22;13;117;135;49;55;;;2;2
19;Fulham;Chelsea;0;1;30%;70%;10;21;3;6;5;7;2;8;13;12;1;12;1;3;;;5;3;11;10;328;756;20;17;106;155;41;90;1;0;2;3
19;Leeds;Brighton;0;1;66%;34%;7;7;2;2;3;3;2;2;9;11;5;2;3;0;;;1;2;8;9;601;305;13;12;118;100;76;35;;;1;1
19;West Ham;Burnley;1;0;45%;55%;15;10;4;2;6;3;5;5;10;17;7;4;5;1;;;2;3;12;9;364;454;7;14;103;130;57;48;;;2;1
19;Wolverhampton;West Bromwich;2;3;68%;32%;24;12;6;5;10;5;8;2;16;9;11;0;0;2;;;2;4;10;14;549;270;12;20;131;79;78;25;;;2;1
18;Arsenal;Crystal Palace;0;0;67%;33%;11;12;4;2;5;6;2;4;12;12;7;3;1;1;;;2;4;10;11;692;341;17;14;172;92;81;37;;;1;1
16;Tottenham;Fulham;1;1;52%;48%;15;15;6;4;6;5;3;6;17;15;6;5;2;2;;;3;5;13;15;522;467;14;13;127;124;42;51;;;1;2
18;Manchester City;Brighton;1;0;65%;35%;16;5;6;1;4;3;6;1;12;6;8;4;2;2;;;1;5;4;12;726;384;16;21;155;80;100;39;;;0;2
1;Burnley;Manchester Utd;0;1;37%;63%;12;13;0;7;7;2;5;4;15;19;3;4;3;2;;;6;0;15;13;334;566;5;12;103;111;33;65;;;1;2
18;Wolverhampton;Everton;1;2;52%;48%;13;5;3;3;7;1;3;1;13;6;6;5;0;1;;;1;2;6;11;558;500;14;11;119;103;55;54;;;2;2
18;Sheffield Utd;Newcastle;1;0;66%;34%;17;7;4;3;6;3;7;1;13;15;5;2;2;2;;;3;3;13;12;559;283;11;15;132;78;84;32;0;1;2;5
17;Southampton;Liverpool;1;0;33%;67%;7;17;3;1;3;11;1;5;15;11;1;10;6;1;;;1;2;5;12;352;675;18;16;85;163;21;85;;;1;3
17;Chelsea;Manchester City;1;3;55%;45%;9;18;2;6;2;8;5;4;10;14;5;3;2;0;;;3;1;11;10;654;554;11;18;131;114;63;34;;;3;1
17;Newcastle;Leicester;1;2;43%;57%;7;9;2;3;3;5;2;1;13;13;3;6;3;3;;;1;1;10;11;372;492;16;14;107;102;45;44;;;0;2
17;West Bromwich;Arsenal;0;4;38%;62%;7;21;3;12;3;7;1;2;6;10;3;5;3;2;;;8;3;7;4;374;623;13;14;133;120;51;66;;;1;2
17;Brighton;Wolverhampton;3;3;54%;46%;13;11;4;4;3;4;6;3;7;13;5;7;1;0;;;1;1;13;8;548;461;21;13;131;83;45;43;;;2;1
17;Crystal Palace;Sheffield Utd;2;0;44%;56%;9;7;4;2;2;1;3;4;21;8;3;6;0;3;;;2;2;8;18;414;510;24;22;120;120;48;56;;;1;3
17;Tottenham;Leeds;3;0;37%;63%;20;18;7;5;9;9;4;4;13;15;3;5;0;1;;;5;4;15;13;347;591;24;20;105;123;38;61;1;0;4;1
17;Manchester Utd;Aston Villa;2;1;49%;51%;19;15;9;5;5;6;5;4;10;24;5;10;1;1;;;4;7;22;10;407;417;11;18;97;118;65;51;;;4;0
17;Everton;West Ham;0;1;60%;40%;10;11;2;5;5;5;3;1;7;11;5;4;2;0;;;4;2;9;7;589;392;15;16;129;101;44;44;;;2;0
16;Newcastle;Liverpool;0;0;27%;73%;8;11;2;4;4;4;2;3;17;11;5;12;2;4;;;4;2;9;13;241;661;19;10;86;144;31;74;;;2;3
16;Manchester Utd;Wolverhampton;1;0;58%;42%;11;9;3;5;5;2;3;2;9;14;2;2;4;2;;;5;2;11;7;611;439;15;16;94;77;70;30;;;1;1
16;Brighton;Arsenal;0;1;50%;50%;13;11;2;3;5;6;6;2;4;11;5;4;0;0;;;2;2;11;4;491;511;17;10;116;108;58;34;;;2;0
16;Burnley;Sheffield Utd;1;0;37%;63%;5;7;3;3;2;2;0;2;20;14;3;5;2;2;;;3;2;13;17;322;551;12;13;97;146;25;51;;;1;2
16;Southampton;West Ham;0;0;63%;37%;8;9;3;3;4;4;1;2;16;18;4;3;3;2;;;3;3;16;15;576;340;15;15;132;105;41;36;;;3;1
16;West Bromwich;Leeds;0;5;25%;75%;4;14;1;6;2;3;1;5;11;8;3;10;1;1;;;1;1;6;10;238;762;10;13;74;120;40;77;;;0;1
16;Chelsea;Aston Villa;1;1;63%;37%;16;10;5;2;7;5;4;3;5;17;11;4;1;1;;;1;4;16;3;550;314;17;19;96;120;62;41;;;3;1
16;Crystal Palace;Leicester;1;1;33%;67%;4;17;1;3;3;10;0;4;9;12;2;5;3;2;;;2;0;10;7;296;607;18;22;100;150;27;68;;;0;1
15;Wolverhampton;Tottenham;1;1;55%;45%;11;6;6;3;2;2;3;1;12;22;9;2;2;0;;;2;5;20;13;542;466;21;15;145;92;67;27;;;4;1
15;Liverpool;West Bromwich;1;1;78%;22%;17;5;2;3;11;1;4;1;10;9;7;3;1;5;;;2;1;8;5;773;213;13;14;158;75;90;31;;;0;1
15;West Ham;Brighton;2;2;43%;57%;11;13;4;4;2;4;5;5;9;8;5;4;2;1;;;2;2;6;8;423;574;14;11;109;101;48;41;;;;
15;Leeds;Burnley;1;0;52%;48%;11;14;4;6;5;4;2;4;14;11;4;12;3;3;;;6;3;8;13;424;378;17;11;72;118;25;82;;;0;3
15;Manchester City;Newcastle;2;0;75%;25%;11;7;6;2;2;3;3;2;15;6;7;3;1;3;;;2;4;5;12;862;272;8;9;161;78;45;31;;;2;2
15;Sheffield Utd;Everton;0;1;44%;56%;10;7;2;3;5;3;3;1;12;11;5;3;0;2;;;2;2;11;10;420;545;18;13;142;101;44;43;;;2;4
15;Arsenal;Chelsea;3;1;40%;60%;15;19;7;3;4;11;4;5;9;13;7;9;1;0;;;2;4;13;10;328;506;16;9;76;105;37;57;;;2;1
15;Aston Villa;Crystal Palace;3;0;39%;61%;21;13;10;6;6;6;5;1;19;19;4;4;1;2;;;6;7;18;17;298;475;18;12;102;113;48;65;1;0;3;4
15;Fulham;Southampton;0;0;47%;53%;10;3;1;2;4;1;5;0;15;34;6;3;1;4;;;2;1;15;12;331;396;24;16;98;121;66;37;;;2;0
15;Leicester;Manchester Utd;2;2;54%;46%;9;9;2;4;3;4;4;1;21;12;5;0;1;4;;;2;1;10;17;507;439;17;20;125;111;42;28;;;2;1
14;Chelsea;West Ham;3;0;54%;46%;11;6;7;0;3;4;1;2;10;10;5;4;0;4;;;0;4;11;6;527;443;16;20;113;111;44;51;;;;
14;Burnley;Wolverhampton;2;1;36%;64%;10;15;4;3;5;5;1;7;17;10;1;7;1;2;;;2;2;11;15;260;463;14;11;98;91;36;58;;;2;1
14;West Bromwich;Aston Villa;0;3;33%;67%;1;19;1;10;0;6;0;3;12;14;1;7;1;4;;;7;1;14;8;282;576;15;11;81;141;20;84;1;0;1;2
14;Manchester Utd;Leeds;6;2;41%;59%;26;17;14;4;6;6;6;7;9;8;11;13;2;4;;;2;8;6;6;354;478;19;16;96;104;46;67;;;1;0
14;Tottenham;Leicester;0;2;56%;44%;8;17;3;4;4;6;1;7;18;16;5;3;2;4;;;2;3;15;14;518;406;20;19;121;112;53;46;;;2;2
14;Brighton;Sheffield Utd;1;1;74%;26%;21;5;5;3;8;2;8;0;12;10;14;2;1;2;;;2;4;9;11;545;203;12;12;119;64;96;29;0;1;1;5
14;Newcastle;Fulham;1;1;49%;51%;12;11;5;4;5;4;2;3;16;8;2;9;1;0;;;3;4;7;17;470;480;12;7;89;121;37;45;0;1;1;3
14;Everton;Arsenal;2;1;42%;58%;9;13;2;2;4;7;3;4;8;10;4;3;1;0;;;1;0;9;9;401;551;12;9;74;113;42;68;;;1;3
14;Southampton;Manchester City;0;1;48%;52%;9;11;3;5;3;4;3;2;14;14;6;6;3;2;;;4;3;9;11;498;547;26;14;89;113;39;46;;;2;2
14;Crystal Palace;Liverpool;0;7;35%;65%;5;14;3;8;2;4;0;2;11;12;5;4;7;0;;;1;3;5;11;397;743;10;19;108;120;40;30;;;1;0
13;Sheffield Utd;Manchester Utd;2;3;40%;60%;12;14;6;8;5;4;1;2;13;19;6;3;2;4;;;5;4;17;8;362;557;20;18;105;99;53;39;;;3;2
13;Aston Villa;Burnley;0;0;59%;41%;27;6;7;4;11;2;9;0;21;18;10;1;1;2;;;4;7;17;19;388;273;6;19;107;101;58;24;;;1;1
13;Fulham;Brighton;0;0;46%;54%;9;9;4;4;3;4;2;1;13;16;1;8;1;2;;;4;4;15;11;426;481;16;16;103;108;49;61;;;1;0
13;Liverpool;Tottenham;2;1;76%;24%;17;8;11;2;1;6;5;0;9;10;7;4;2;0;;;1;9;8;9;813;254;12;26;153;56;92;13;;;0;2
13;West Ham;Crystal Palace;1;1;52%;48%;9;8;2;2;7;4;0;2;12;8;5;3;0;0;;;1;1;8;12;429;415;19;22;79;117;45;44;0;1;0;3
13;Arsenal;Southampton;1;1;35%;65%;9;13;4;3;3;8;2;2;14;13;2;7;1;1;;;2;3;13;13;340;632;9;11;83;97;27;59;1;0;3;3
13;Leeds;Newcastle;5;2;69%;31%;25;10;10;4;8;5;7;1;15;13;7;4;4;2;;;2;5;10;13;521;242;14;8;131;77;86;40;;;3;1
13;Leicester;Everton;0;2;61%;39%;14;11;2;6;4;1;8;4;11;14;4;6;2;2;;;4;2;12;9;543;344;20;12;110;81;45;37;;;2;3
13;Manchester City;West Bromwich;1;1;77%;23%;26;5;7;1;11;4;8;0;10;8;13;2;3;2;;;0;6;5;8;742;225;10;13;169;65;81;13;;;2;3
13;Wolverhampton;Chelsea;2;1;45%;55%;12;13;4;3;6;6;2;4;12;14;5;6;1;0;;;2;2;12;12;410;489;17;11;108;136;45;73;;;2;2
12;Arsenal;Burnley;0;1;65%;35%;18;10;6;2;6;5;6;3;14;7;13;4;3;3;;;1;6;5;11;557;307;12;12;115;81;66;32;1;0;2;1
12;Leicester;Brighton;3;0;55%;45%;15;12;6;4;5;4;4;4;12;13;9;5;4;1;;;4;3;9;11;516;427;12;25;112;101;56;43;;;2;1
12;Fulham;Liverpool;1;1;25%;75%;10;12;5;6;4;2;1;4;7;10;6;8;2;2;;;5;4;9;5;227;707;17;21;70;126;56;65;;;3;1
12;Crystal Palace;Tottenham;1;1;43%;57%;16;14;5;6;5;5;6;3;11;19;4;7;4;0;;;5;4;15;11;344;457;11;20;89;118;49;55;;;1;1
12;Southampton;Sheffield Utd;3;0;68%;32%;16;3;6;0;7;3;3;0;14;11;8;4;3;0;;;0;3;8;14;553;250;20;17;104;84;48;43;;;0;1
12;Everton;Chelsea;1;0;28%;72%;9;10;4;3;3;4;2;3;11;14;6;6;4;1;;;3;3;10;11;241;639;13;17;87;151;40;72;;;2;3
12;Manchester Utd;Manchester City;0;0;46%;54%;11;9;2;2;6;3;3;4;8;15;4;3;2;2;;;2;2;13;6;502;580;23;6;87;119;21;50;;;1;1
12;Newcastle;West Bromwich;2;1;46%;54%;12;13;7;3;1;4;4;6;15;11;4;3;3;2;;;2;5;9;12;401;484;7;18;93;132;43;50;;;2;3
12;Wolverhampton;Aston Villa;0;1;51%;49%;16;13;7;2;4;6;5;5;18;22;5;8;0;2;;;1;7;23;15;348;331;15;8;95;101;46;75;1;1;4;7
12;Leeds;West Ham;1;2;64%;36%;13;19;7;8;5;8;1;3;9;13;5;6;2;0;;;6;6;12;10;544;297;17;12;118;99;53;37;;;1;2
11;Brighton;Southampton;1;2;48%;52%;12;10;4;3;8;4;0;3;14;15;4;3;2;3;;;1;3;12;12;377;420;21;15;92;127;47;58;;;3;3
11;Liverpool;Wolverhampton;4;0;61%;39%;11;9;6;3;4;5;1;1;18;8;4;6;1;3;;;3;2;8;14;626;395;12;19;128;79;51;44;;;1;1
11;Tottenham;Arsenal;2;0;31%;69%;6;11;3;2;2;6;1;3;12;16;3;9;0;0;;;2;1;16;12;288;632;13;15;53;175;9;94;;;1;2
11;Sheffield Utd;Leicester;1;2;30%;70%;4;13;1;4;2;4;1;5;10;18;6;5;4;4;;;2;0;13;6;273;674;16;18;82;152;50;62;;;1;3
11;West Bromwich;Crystal Palace;1;5;50%;50%;9;18;4;6;4;5;1;7;20;12;4;6;2;3;;;1;3;10;16;495;495;14;14;107;115;42;56;1;0;2;2
11;Chelsea;Leeds;3;1;46%;54%;23;8;10;3;7;4;6;1;13;12;8;4;1;4;24;21;2;7;12;9;408;481;17;28;118;95;59;45;;;0;2
11;West Ham;Manchester Utd;1;3;39%;61%;19;15;6;6;9;6;4;3;13;13;5;4;4;3;18;15;3;5;9;10;392;631;12;12;108;113;50;28;;;;
11;Manchester City;Fulham;2;0;69%;31%;16;6;6;1;8;4;2;1;6;8;9;3;1;1;;;1;4;7;6;792;351;17;16;136;94;62;20;;;;
11;Burnley;Everton;1;1;41%;59%;8;13;3;6;2;3;3;4;13;5;8;4;0;3;;;5;2;6;9;396;581;15;19;113;107;50;50;;;;
10;West Ham;Aston Villa;2;1;34%;66%;6;16;2;6;1;7;3;3;10;20;3;7;1;3;;;5;0;20;7;272;518;9;6;87;141;19;70;;;1;1
10;Leicester;Fulham;1;2;68%;32%;16;10;3;5;6;3;7;2;21;9;6;5;0;0;;;3;2;9;21;666;317;19;24;126;84;58;29;;;0;2
10;Arsenal;Wolverhampton;1;2;56%;44%;13;11;2;5;7;2;4;4;13;16;8;4;2;0;;;3;1;13;13;494;405;13;12;71;63;50;35;;;3;4
10;Chelsea;Tottenham;0;0;60%;40%;13;5;3;1;7;3;3;1;10;23;3;3;3;1;;;1;3;20;9;657;438;13;5;139;96;55;29;;;4;2
10;Southampton;Manchester Utd;2;3;50%;50%;10;15;5;6;3;5;2;4;11;12;5;9;0;0;;;3;3;12;12;525;519;22;19;128;142;35;44;;;1;0
10;West Bromwich;Sheffield Utd;1;0;48%;52%;17;22;6;6;7;10;4;6;12;12;14;9;2;2;;;6;5;10;9;380;402;12;14;88;118;41;50;;;2;3
10;Everton;Leeds;0;1;42%;58%;15;23;8;7;6;11;1;5;19;8;4;2;2;6;;;6;8;8;14;391;542;19;19;90;98;60;79;;;1;2
10;Manchester City;Burnley;5;0;69%;31%;19;9;6;1;10;6;3;2;6;14;6;4;2;2;;;1;1;12;4;720;315;7;14;104;79;50;25;;;;
10;Brighton;Liverpool;1;1;40%;60%;11;6;3;2;6;1;2;3;13;12;4;3;2;2;;;1;2;9;13;352;526;22;13;96;111;45;41;;;2;1
10;Crystal Palace;Newcastle;0;2;58%;42%;12;14;3;7;8;5;1;2;10;9;7;3;0;0;;;5;3;9;10;503;375;15;24;105;110;53;31;;;2;2
9;Wolverhampton;Southampton;1;1;45%;55%;20;7;9;2;5;3;6;2;15;16;7;4;2;1;;;1;8;14;14;416;516;11;20;126;100;59;28;;;2;0
9;Burnley;Crystal Palace;1;0;46%;54%;10;15;4;5;3;5;3;5;11;15;4;7;2;2;;;5;3;13;9;409;459;14;12;85;123;26;54;;;2;0
9;Liverpool;Leicester;3;0;56%;44%;24;11;13;4;8;5;3;2;7;17;10;3;2;1;;;4;10;15;6;572;441;9;14;131;83;59;48;;;0;2
9;Leeds;Arsenal;0;0;66%;34%;25;9;4;2;16;6;5;1;9;9;5;3;0;2;;;2;4;9;8;610;310;18;10;120;86;69;23;0;1;3;0
9;Sheffield Utd;West Ham;0;1;51%;49%;9;15;5;3;3;5;1;7;8;11;2;6;4;2;;;2;5;7;6;517;497;25;12;113;139;56;66;;;;
9;Fulham;Everton;2;3;54%;46%;14;9;6;7;4;0;4;2;12;16;2;5;2;3;;;4;4;14;10;620;517;12;22;153;94;79;36;;;2;0
9;Manchester Utd;West Bromwich;1;0;63%;37%;17;7;7;2;2;4;8;1;18;12;8;2;1;1;;;2;6;12;17;663;385;13;13;139;81;54;15;;;1;1
9;Tottenham;Manchester City;2;0;34%;66%;4;22;2;5;0;6;2;11;21;13;0;10;1;2;;;5;0;13;19;318;599;25;13;58;154;16;85;;;2;2
9;Aston Villa;Brighton;1;2;55%;45%;15;7;4;3;6;3;5;1;18;8;12;3;2;0;;;1;3;5;18;457;385;7;18;117;60;80;34;0;1;2;3
9;Newcastle;Chelsea;0;2;29%;71%;8;14;1;3;4;6;3;5;14;13;7;4;2;2;;;1;1;11;12;287;746;6;13;84;143;36;43;;;2;0
8;Arsenal;Aston Villa;0;3;59%;41%;13;15;2;6;8;0;3;9;14;12;3;8;1;1;;;4;2;11;13;538;378;7;14;83;106;48;41;;;;
8;Manchester City;Liverpool;1;1;55%;45%;7;10;2;3;4;4;1;3;16;20;1;2;2;5;;;2;1;19;11;555;458;12;13;96;95;45;42;;;3;1
8;Leicester;Wolverhampton;1;0;50%;50%;10;7;3;2;4;4;3;1;6;13;6;3;0;1;;;2;2;12;8;492;505;20;17;101;94;49;41;;;2;3
8;West Bromwich;Tottenham;0;1;41%;59%;12;19;2;5;7;6;3;8;13;18;9;6;1;1;;;4;2;17;12;341;509;19;16;85;93;71;72;;;1;0
8;West Ham;Fulham;1;0;52%;48%;16;13;7;3;8;4;1;6;11;12;9;5;3;2;;;3;6;10;9;506;460;14;12;76;68;52;42;;;2;2
8;Chelsea;Sheffield Utd;4;1;71%;29%;20;6;9;3;5;1;6;2;14;6;6;7;1;1;;;2;5;5;14;762;320;13;11;83;55;37;22;;;0;2
8;Crystal Palace;Leeds;4;1;35%;65%;10;9;6;3;2;4;2;2;17;10;3;6;1;1;;;2;2;9;16;322;599;15;25;85;133;45;66;;;0;2
8;Everton;Manchester Utd;1;3;54%;46%;7;13;1;5;5;5;1;3;21;15;5;2;3;1;;;2;0;12;19;523;453;25;13;117;101;59;40;;;4;2
8;Southampton;Newcastle;2;0;61%;39%;15;4;8;2;2;1;5;1;12;16;7;3;4;1;;;2;6;12;11;561;360;32;13;109;88;32;39;;;1;2
8;Brighton;Burnley;0;0;59%;41%;19;4;3;1;7;3;9;0;6;12;5;3;1;1;;;1;3;11;5;561;360;32;14;122;88;83;25;;;1;0
7;Leeds;Leicester;1;4;67%;33%;11;10;4;8;5;1;2;1;6;10;10;3;2;0;;;4;3;9;5;639;302;19;20;145;71;66;41;;;1;1
7;Fulham;West Bromwich;2;0;45%;55%;13;10;6;1;3;4;4;5;16;14;5;2;1;4;;;1;4;13;11;392;470;16;28;111;112;54;45;;;3;2
7;Tottenham;Brighton;2;1;44%;56%;9;6;3;2;6;2;0;2;17;14;4;5;0;4;;;1;1;14;13;387;503;16;13;87;110;42;41;;;2;1
7;Manchester Utd;Arsenal;0;1;53%;47%;8;7;2;2;3;5;3;0;12;15;6;3;4;0;;;1;2;12;12;570;500;10;20;89;112;49;52;;;3;3
7;Newcastle;Everton;2;1;37%;63%;11;15;4;4;3;6;4;5;9;10;5;4;1;0;;;3;2;9;10;369;607;13;22;68;127;32;59;;;2;4
7;Aston Villa;Southampton;3;4;56%;44%;19;9;10;4;2;4;7;1;18;14;11;1;2;2;;;0;7;12;17;371;312;14;19;86;84;76;13;;;1;2
7;Liverpool;West Ham;2;1;72%;28%;9;4;5;3;3;0;1;1;13;14;1;2;1;0;;;2;3;13;14;828;304;10;18;163;72;65;30;;;0;1
7;Burnley;Chelsea;0;3;36%;64%;5;14;0;9;4;1;1;4;19;11;3;4;1;4;;;6;0;10;15;392;693;13;13;106;113;30;53;;;1;0
7;Sheffield Utd;Manchester City;0;1;35%;65%;3;16;1;8;1;4;1;4;8;14;2;5;0;2;;;7;1;14;6;375;715;19;12;89;122;43;68;;;;
7;Wolverhampton;Crystal Palace;2;0;45%;55%;15;11;5;2;8;3;2;6;7;13;7;6;0;2;;;2;3;13;4;446;552;19;10;111;118;65;42;0;1;0;2
6;Burnley;Tottenham;0;1;38%;62%;13;9;4;3;5;2;4;4;9;13;4;5;4;2;;;2;4;9;7;364;595;15;11;122;100;35;42;;;2;0
6;Brighton;West Bromwich;1;1;50%;50%;5;9;3;3;1;5;1;1;8;16;6;2;2;1;;;2;2;14;7;473;476;20;22;116;120;47;55;;;2;0
6;Arsenal;Leicester;0;1;57%;43%;12;6;4;2;4;3;4;1;9;14;9;3;1;0;;;1;4;13;9;575;453;15;11;137;72;47;30;;;3;5
6;Wolverhampton;Newcastle;1;1;63%;37%;16;5;3;2;8;0;5;3;10;10;2;3;0;1;;;1;2;10;10;702;400;11;23;146;79;67;25;;;0;1
6;Southampton;Everton;2;0;54%;46%;13;6;6;2;6;1;1;3;11;11;4;5;1;1;;;2;4;11;11;610;509;18;15;111;109;51;34;0;1;1;2
6;Liverpool;Sheffield Utd;2;1;62%;38%;17;13;5;2;7;7;5;4;15;9;7;3;2;0;;;1;3;7;15;683;406;7;22;141;114;72;69;;;0;3
6;Manchester Utd;Chelsea;0;0;50%;50%;14;6;4;1;5;2;5;3;6;10;9;6;2;0;;;1;4;8;6;582;582;13;17;111;118;56;41;;;3;1
6;Fulham;Crystal Palace;1;2;66%;34%;16;14;3;10;9;3;4;1;13;12;4;4;1;2;;;8;2;11;11;643;366;19;22;133;70;81;38;1;0;0;1
6;West Ham;Manchester City;1;1;30%;70%;6;14;2;7;3;6;1;1;5;13;2;10;1;0;;;6;1;14;6;324;747;16;10;86;154;29;70;;;2;0
6;Aston Villa;Leeds;0;3;40%;60%;12;27;4;9;5;13;3;5;17;14;6;5;0;0;;;6;4;14;17;305;445;14;14;94;94;42;72;;;2;2
5;Leeds;Wolverhampton;0;1;68%;32%;13;7;2;3;7;1;4;3;14;14;8;3;1;2;;;2;2;13;12;553;269;14;14;144;84;80;28;;;2;1
5;West Bromwich;Burnley;0;0;57%;43%;13;9;6;4;5;4;2;1;17;17;8;2;2;0;;;4;6;15;17;476;352;14;13;115;120;46;44;;;2;2
5;Leicester;Aston Villa;0;1;50%;50%;11;10;5;4;2;5;4;1;21;20;2;7;2;3;;;3;5;18;18;417;397;21;14;98;117;49;51;;;4;3
5;Tottenham;West Ham;3;3;51%;49%;11;13;6;4;4;4;1;5;15;14;3;7;1;3;;;2;3;13;12;511;460;25;14;103;119;33;60;;;0;5
5;Crystal Palace;Brighton;1;1;34%;66%;1;20;1;3;0;9;0;8;14;14;2;5;1;2;;;2;0;13;12;279;540;19;15;73;132;23;74;0;1;3;2
5;Sheffield Utd;Fulham;1;1;41%;59%;10;15;6;6;3;5;1;4;8;8;2;5;4;0;;;5;5;5;9;399;563;15;14;106;123;54;50;;;0;2
5;Newcastle;Manchester Utd;1;4;36%;64%;7;28;4;14;2;6;1;8;13;9;0;7;0;2;;;10;3;9;12;358;629;18;14;0;0;0;0;;;1;1
5;Manchester City;Arsenal;1;0;59%;41%;13;11;5;3;4;5;4;3;12;15;6;6;0;2;;;3;4;15;10;665;462;11;13;145;69;57;30;;;4;1
5;Chelsea;Southampton;3;3;53%;47%;11;13;5;6;3;5;3;2;10;14;6;2;3;1;;;3;2;11;9;574;503;16;13;111;151;41;60;;;1;1
5;Everton;Liverpool;2;2;42%;58%;11;22;5;8;5;8;1;6;10;16;2;5;2;3;;;6;3;15;9;379;524;16;18;84;144;32;64;1;0;3;2
4;Aston Villa;Liverpool;7;2;30%;70%;18;14;11;8;4;1;3;5;11;9;2;7;2;1;;;6;4;7;10;285;650;15;14;89;122;37;76;;;2;1
4;Manchester Utd;Tottenham;1;6;38%;62%;5;22;2;8;2;6;1;8;10;14;2;4;1;0;;;2;1;14;10;416;672;15;23;92;117;37;36;1;0;2;1
4;Arsenal;Sheffield Utd;2;1;65%;35%;6;6;5;2;0;2;1;2;12;2;2;4;0;3;;;1;3;3;9;699;373;8;11;143;85;41;53;;;0;1
4;Wolverhampton;Fulham;1;0;47%;53%;14;10;5;2;3;5;6;3;8;14;6;2;0;0;;;2;4;15;8;478;524;9;14;83;114;49;54;;;1;1
4;Leicester;West Ham;0;3;69%;31%;4;14;0;6;2;5;2;3;12;11;6;4;4;2;;;3;0;11;8;684;296;7;12;147;83;58;30;;;2;2
4;Southampton;West Bromwich;2;0;62%;38%;13;5;7;2;5;1;1;2;11;20;5;1;1;1;;;2;5;19;10;522;325;21;18;125;99;36;31;;;2;1
4;Newcastle;Burnley;3;1;48%;52%;10;7;5;3;4;2;1;2;22;15;3;4;4;5;;;2;2;13;17;416;455;5;13;95;108;57;49;;;2;3
4;Leeds;Manchester City;1;1;52%;48%;12;23;7;2;2;14;3;7;16;14;7;10;2;3;;;1;6;11;12;429;389;27;11;76;135;35;66;;;2;1
4;Everton;Brighton;4;2;43%;57%;11;11;6;3;2;3;3;5;15;13;3;10;0;2;;;1;2;13;14;474;618;20;20;86;95;41;58;;;0;1
4;Chelsea;Crystal Palace;4;0;71%;29%;17;4;6;0;6;2;5;2;11;18;8;5;1;0;;;0;2;17;13;707;280;14;10;129;78;49;35;;;2;0
3;Liverpool;Arsenal;3;1;66%;34%;21;4;8;3;7;1;6;0;12;11;7;3;0;5;;;2;5;11;7;772;395;10;11;159;49;66;17;;;2;2
3;Fulham;Aston Villa;0;3;65%;35%;16;12;3;5;9;4;4;3;16;18;5;3;0;3;;;2;3;18;14;538;302;9;23;124;87;73;36;;;6;3
3;West Ham;Wolverhampton;4;0;37%;63%;15;11;7;2;7;4;1;5;13;10;1;3;3;2;;;2;4;7;11;367;626;24;17;104;147;45;50;;;0;1
3;Manchester City;Leicester;2;5;72%;28%;16;7;5;7;7;0;4;0;10;12;3;3;2;3;;;2;3;13;8;680;267;12;23;169;55;76;15;;;1;3
3;Tottenham;Newcastle;1;1;66%;34%;23;6;12;1;7;2;4;3;10;15;10;4;0;1;;;0;11;15;9;640;319;10;16;126;74;64;28;;;1;4
3;Sheffield Utd;Leeds;0;1;36%;64%;14;17;4;9;5;5;5;3;6;20;5;7;2;1;;;8;4;18;4;327;578;23;13;96;123;43;61;;;2;1
3;Burnley;Southampton;0;1;53%;47%;10;5;2;1;4;2;4;2;11;10;8;2;2;1;;;0;2;8;10;522;480;15;12;142;105;44;29;;;1;0
3;West Bromwich;Chelsea;3;3;24%;76%;9;22;3;10;4;6;2;6;16;9;3;9;1;0;;;7;0;8;16;249;797;9;12;85;168;35;75;;;1;3
3;Crystal Palace;Everton;1;2;42%;58%;8;10;1;5;2;3;5;2;16;16;7;6;1;0;;;3;0;16;15;370;524;26;20;103;103;65;40;;;3;1
3;Brighton;Manchester Utd;2;3;53%;47%;18;7;5;3;9;1;4;3;19;19;7;1;1;4;;;1;3;18;16;488;445;12;15;110;102;72;27;;;4;2
2;Wolverhampton;Manchester City;1;3;35%;65%;10;14;1;9;5;3;4;2;11;8;4;6;2;3;;;6;0;7;8;356;692;25;22;47;132;23;37;;;0;3
2;Aston Villa;Sheffield Utd;1;0;72%;28%;18;4;2;1;11;2;5;1;14;11;10;4;1;0;;;1;1;12;13;553;221;5;9;114;78;84;21;0;1;3;1
2;Leicester;Burnley;4;2;68%;32%;14;16;6;5;2;8;6;3;14;11;15;4;0;1;;;3;2;11;13;621;292;13;12;107;80;75;48;;;1;2
2;Chelsea;Liverpool;0;2;39%;61%;5;18;3;6;2;9;0;3;6;11;1;11;1;1;;;4;3;10;6;488;764;17;14;53;160;22;100;1;0;;
2;Newcastle;Brighton;0;3;47%;53%;6;13;0;6;4;6;2;1;15;19;7;1;1;2;;;3;0;16;15;386;444;10;8;94;80;31;35;0;1;3;0
2;Southampton;Tottenham;2;5;53%;47%;14;9;7;6;5;1;2;2;24;18;3;2;2;6;;;1;5;17;18;460;419;8;8;147;79;45;23;;;4;3
2;Arsenal;West Ham;2;1;63%;37%;7;14;3;3;1;6;3;5;15;16;7;5;5;2;;;2;1;11;13;669;383;8;10;115;78;54;45;;;0;1
2;Manchester Utd;Crystal Palace;1;3;76%;24%;17;14;4;5;4;5;9;4;12;13;9;3;1;2;;;2;3;13;10;703;225;14;24;165;68;94;29;;;2;1
2;Leeds;Fulham;4;3;50%;50%;10;14;7;6;2;5;1;3;16;15;5;3;3;0;;;3;3;13;18;444;438;22;18;99;142;48;47;;;1;2
2;Everton;West Bromwich;5;2;71%;29%;17;6;7;4;5;1;5;1;11;10;11;1;1;1;;;2;2;9;11;799;322;21;18;127;65;73;29;0;2;1;0
1;Brighton;Chelsea;1;3;52%;48%;13;10;3;5;6;2;4;3;16;7;4;3;0;3;;;2;2;8;13;507;465;17;16;106;97;48;27;;;1;0
1;Sheffield Utd;Wolverhampton;0;2;55%;45%;9;11;2;4;5;5;2;2;7;17;12;5;4;0;;;2;2;13;7;460;391;16;14;155;79;96;30;;;2;1
1;Tottenham;Everton;0;1;52%;48%;9;15;5;4;1;7;3;4;8;15;5;3;0;1;;;3;5;15;7;552;529;9;19;127;104;60;31;;;1;0
1;West Bromwich;Leicester;0;3;37%;63%;7;13;1;7;3;3;3;3;12;14;2;5;4;3;;;4;1;12;9;336;604;7;17;93;111;32;47;;;1;1
1;West Ham;Newcastle;0;2;58%;42%;15;15;3;2;5;7;7;6;10;14;8;7;2;4;;;1;3;13;7;474;342;14;13;112;103;46;44;;;2;2
1;Liverpool;Leeds;4;3;48%;52%;22;6;6;3;3;1;13;2;9;11;9;0;2;5;;;0;2;9;6;432;459;13;34;153;77;71;32;;;1;0
1;Crystal Palace;Southampton;1;0;29%;71%;5;9;3;5;2;3;0;1;11;18;7;3;4;0;;;5;2;14;11;236;580;15;28;91;134;42;56;;;2;1
1;Fulham;Arsenal;0;3;45%;55%;5;13;2;6;2;4;1;3;14;14;2;3;2;2;;;3;2;12;12;523;626;11;12;108;114;45;46;;;2;2
